[{"id":1,"first_name":"Flory","last_name":"Hackett","email":"fhackett0@networksolutions.com","gender":"Male"},
{"id":2,"first_name":"Beltran","last_name":"Lombardo","email":"blombardo1@creativecommons.org","gender":"Male"},
{"id":3,"first_name":"Erika","last_name":"Jonas","email":"ejonas2@php.net","gender":"Female"},
{"id":4,"first_name":"Wayne","last_name":"Glasner","email":"wglasner3@bbb.org","gender":"Male"},
{"id":5,"first_name":"Norbie","last_name":"Creagh","email":"ncreagh4@ocn.ne.jp","gender":"Male"},
{"id":6,"first_name":"Evangelia","last_name":"Davidovic","email":"edavidovic9@who.int","gender":"Female"}]